<?xml version="1.0"?>
<!DOCTYPE service-builder PUBLIC "-//Liferay//DTD Service Builder 7.3.0//EN" "http://www.liferay.com/dtd/liferay-service-builder_7_3_0.dtd">

<service-builder dependency-injector="ds" package-path="ru.isands.test.estore">
	<namespace>estore</namespace>
	<entity local-service="true" name="Employee" remote-service="false">
		<column name="id" primary="true" type="long" />
		<column name="lastName" type="String" />
		<column name="firstName" type="String" />
		<column name="patronymic" type="String" />
		<column name="birthDate" type="Date" />
		<column name="positionId" type="long" />
        <column name="shopId" type="long"></column>
		<column name="gender" type="boolean" />
        <finder name="FullName" unique="true" return-type="Employee" db-index="true">
            <finder-column name="lastName"></finder-column>
            <finder-column name="firstName"></finder-column>
            <finder-column name="patronymic"></finder-column>
            <finder-column name="birthDate"></finder-column>
        </finder>
        <finder name="Position" return-type="Collection">
            <finder-column name="positionId"></finder-column>
        </finder>
        <finder name="Shop" return-type="Collection">
            <finder-column name="shopId"></finder-column>
        </finder>
	</entity>
	<entity local-service="true" name="Purchase" remote-service="false">
        <column name="id" primary="true" type="long"></column>
		<column name="electroId" primary="false" type="long" />
		<column name="employeeId" primary="false" type="long" />
        <column name="shopId" type="long"></column>
		<column name="purchaseDate" type="Date" />
		<column name="type" type="int" />
        <finder name="Shop" return-type="Collection">
            <finder-column name="shopId"></finder-column>
        </finder>
        <finder name="Employee" return-type="Collection">
            <finder-column name="employeeId"></finder-column>
        </finder>
	</entity>
    <entity name="ElectroShop" local-service="true" remote-service="false">
        <column name="shopId" type="long" primary="true"></column>
        <column name="electroItemId" primary="true" type="long"></column>
        <column name="count" type="int"></column>
    </entity>
    <entity name="Shop" remote-service="false" local-service="true">
        <column name="id" type="long" primary="true"></column>
        <column name="name" type="String"></column>
        <column name="address" type="String"></column>
    </entity>
    <entity name="PositionType" remote-service="false" local-service="true">
        <column name="id" type="long" primary="true"></column>
        <column name="name" type="String"></column>
    </entity>
</service-builder>