<?xml version="1.0"?>
<!DOCTYPE hibernate-mapping PUBLIC "-//Hibernate/Hibernate Mapping DTD 3.0//EN" "http://hibernate.sourceforge.net/hibernate-mapping-3.0.dtd">

<hibernate-mapping auto-import="false" default-lazy="false">
	<import class="ru.isands.test.estore.model.ElectroShop" />
	<import class="ru.isands.test.estore.model.Employee" />
	<import class="ru.isands.test.estore.model.PositionType" />
	<import class="ru.isands.test.estore.model.Purchase" />
	<import class="ru.isands.test.estore.model.Shop" />
	<class name="ru.isands.test.estore.model.impl.ElectroShopImpl" table="estore_ElectroShop">
		<composite-id class="ru.isands.test.estore.service.persistence.ElectroShopPK" name="primaryKey">
			<key-property access="com.liferay.portal.dao.orm.hibernate.LiferayPropertyAccessor" name="shopId" type="com.liferay.portal.dao.orm.hibernate.LongType" />
			<key-property access="com.liferay.portal.dao.orm.hibernate.LiferayPropertyAccessor" name="electroItemId" type="com.liferay.portal.dao.orm.hibernate.LongType" />
		</composite-id>
		<property access="com.liferay.portal.dao.orm.hibernate.LiferayPropertyAccessor" name="count" type="com.liferay.portal.dao.orm.hibernate.IntegerType" />
	</class>
	<class name="ru.isands.test.estore.model.impl.EmployeeImpl" table="estore_Employee">
		<id access="com.liferay.portal.dao.orm.hibernate.LiferayPropertyAccessor" column="id_" name="id" type="long">
			<generator class="assigned" />
		</id>
		<property access="com.liferay.portal.dao.orm.hibernate.LiferayPropertyAccessor" name="lastName" type="com.liferay.portal.dao.orm.hibernate.StringType" />
		<property access="com.liferay.portal.dao.orm.hibernate.LiferayPropertyAccessor" name="firstName" type="com.liferay.portal.dao.orm.hibernate.StringType" />
		<property access="com.liferay.portal.dao.orm.hibernate.LiferayPropertyAccessor" name="patronymic" type="com.liferay.portal.dao.orm.hibernate.StringType" />
		<property access="com.liferay.portal.dao.orm.hibernate.LiferayPropertyAccessor" name="birthDate" type="org.hibernate.type.TimestampType" />
		<property access="com.liferay.portal.dao.orm.hibernate.LiferayPropertyAccessor" name="positionId" type="com.liferay.portal.dao.orm.hibernate.LongType" />
		<property access="com.liferay.portal.dao.orm.hibernate.LiferayPropertyAccessor" name="shopId" type="com.liferay.portal.dao.orm.hibernate.LongType" />
		<property access="com.liferay.portal.dao.orm.hibernate.LiferayPropertyAccessor" name="gender" type="com.liferay.portal.dao.orm.hibernate.BooleanType" />
	</class>
	<class name="ru.isands.test.estore.model.impl.PositionTypeImpl" table="estore_PositionType">
		<id access="com.liferay.portal.dao.orm.hibernate.LiferayPropertyAccessor" column="id_" name="id" type="long">
			<generator class="assigned" />
		</id>
		<property access="com.liferay.portal.dao.orm.hibernate.LiferayPropertyAccessor" name="name" type="com.liferay.portal.dao.orm.hibernate.StringType" />
	</class>
	<class name="ru.isands.test.estore.model.impl.PurchaseImpl" table="estore_Purchase">
		<id access="com.liferay.portal.dao.orm.hibernate.LiferayPropertyAccessor" column="id_" name="id" type="long">
			<generator class="assigned" />
		</id>
		<property access="com.liferay.portal.dao.orm.hibernate.LiferayPropertyAccessor" name="electroId" type="com.liferay.portal.dao.orm.hibernate.LongType" />
		<property access="com.liferay.portal.dao.orm.hibernate.LiferayPropertyAccessor" name="employeeId" type="com.liferay.portal.dao.orm.hibernate.LongType" />
		<property access="com.liferay.portal.dao.orm.hibernate.LiferayPropertyAccessor" name="shopId" type="com.liferay.portal.dao.orm.hibernate.LongType" />
		<property access="com.liferay.portal.dao.orm.hibernate.LiferayPropertyAccessor" name="purchaseDate" type="org.hibernate.type.TimestampType" />
		<property access="com.liferay.portal.dao.orm.hibernate.LiferayPropertyAccessor" column="type_" name="type" type="com.liferay.portal.dao.orm.hibernate.IntegerType" />
	</class>
	<class name="ru.isands.test.estore.model.impl.ShopImpl" table="estore_Shop">
		<id access="com.liferay.portal.dao.orm.hibernate.LiferayPropertyAccessor" column="id_" name="id" type="long">
			<generator class="assigned" />
		</id>
		<property access="com.liferay.portal.dao.orm.hibernate.LiferayPropertyAccessor" name="name" type="com.liferay.portal.dao.orm.hibernate.StringType" />
		<property access="com.liferay.portal.dao.orm.hibernate.LiferayPropertyAccessor" name="address" type="com.liferay.portal.dao.orm.hibernate.StringClobType" />
	</class>
</hibernate-mapping>