<?xml version="1.0"?>

<model-hints>
	<model name="ru.isands.test.estore.model.ElectroShop">
		<field name="shopId" type="long" />
		<field name="electroItemId" type="long" />
		<field name="count" type="int" />
	</model>
	<model name="ru.isands.test.estore.model.Employee">
		<field name="id" type="long" />
		<field name="lastName" type="String">
			<hint-collection name="nameHint" />
		</field>
		<field name="firstName" type="String">
			<hint-collection name="nameHint" />
		</field>
		<field name="patronymic" type="String">
			<hint-collection name="nameHint" />
		</field>
		<field name="birthDate" type="Date" />
		<field name="positionId" type="long" />
		<field name="shopId" type="long" />
		<field name="gender" type="boolean" />
	</model>
	<model name="ru.isands.test.estore.model.PositionType">
		<field name="id" type="long" />
		<field name="name" type="String" />
	</model>
	<model name="ru.isands.test.estore.model.Purchase">
		<field name="id" type="long" />
		<field name="electroId" type="long" />
		<field name="employeeId" type="long" />
		<field name="shopId" type="long" />
		<field name="purchaseDate" type="Date" />
		<field name="type" type="int" />
	</model>
	<model name="ru.isands.test.estore.model.Shop">
		<field name="id" type="long" />
		<field name="name" type="String">
			<hint-collection name="shopHint" />
		</field>
		<field name="address" type="String">
			<hint-collection name="CLOB" />
		</field>
	</model>
	<hint-collection name="nameHint">
		<hint name="max-length">100</hint>
	</hint-collection>
	<hint-collection name="shopHint">
		<hint name="max-length">150</hint>
	</hint-collection>
</model-hints>